GENE_SYMBOL	DRUG_NAME	dbSNP_ID
"""BDNF-AS (PA134953249)"""	methadone (PA450401)	rs1967554;rs11030118
"""CHRNA5 (PA26491)"""	nicotine (PA450626)	rs16969968
"""CLCN6 (PA26551)"""	methotrexate (PA450428)	rs1801131
"""DRD2 (PA27478)"""	prochlorperazine (PA451114)	rs1800497
"""IFNL4 (PA166049147)"""	 recombinant (PA164779048)	rs12979860;rs12979860
"""IFNL4 (PA166049147)"""	" recombinant (PA164783990)"""	rs12979860;rs12979860
"""IFNL4 (PA166049147)"""	"""faldaprevir (PA166128132)"""	rs12979860
"""IFNL4 (PA166049147)"""	"""interferon alfa-2b"	rs12979860;rs12979860
"""IFNL4 (PA166049147)"""	"""peginterferon alfa-2a (PA164749390)"""	rs12979860;rs12979860
"""IFNL4 (PA166049147)"""	"""peginterferon alfa-2b (PA164784024)"""	rs12979860;rs12979860;rs12979860;rs12979860;rs12979860;rs12979860;rs12979860;rs12979860;rs12979860;rs12979860;rs12979860;rs12979860;rs12979860;rs12979860;rs12979860;rs12979860;rs12979860;rs12979860;rs12979860;rs12979860;rs12979860;rs12979860;rs12979860;rs12979860;rs8099917
"""IFNL4 (PA166049147)"""	"""ribavirin (PA451241)"""	rs12979860;rs12979860;rs12979860;rs12979860;rs12979860;rs12979860;rs12979860;rs12979860;rs12979860;rs12979860;rs12979860;rs12979860;rs12979860;rs12979860;rs12979860;rs12979860;rs12979860;rs12979860;rs12979860;rs12979860;rs12979860;rs12979860;rs12979860;rs12979860;rs12979860;rs12979860;rs12979860;rs12979860;rs12979860;rs12979860;rs12979860;rs12979860;rs12979860;rs12979860;rs12979860;rs12979860;rs12979860;rs12979860;rs12979860;rs12979860;rs12979860;rs12979860;rs12979860;rs12979860;rs12979860
"""IFNL4 (PA166049147)"""	"""sofosbuvir (PA166122593)"""	rs12979860
"""IFNL4 (PA166049147)"""	"""telaprevir (PA165958354)"""	rs12979860;rs12979860;rs12979860;rs12979860;rs12979860
"""IFNL4 (PA166049147)"""	boceprevir (PA165948902)	rs12979860;rs12979860
"""IFNL4 (PA166049147)"""	deleobuvir (PA166128130)	rs12979860
"""IFNL4 (PA166049147)"""	interferon alfa-2a	rs12979860;rs12979860
"""IFNL4 (PA166049147)"""	interferon alfa-n1 (PA164746538)	rs12979860;rs12979860
"""IFNL4 (PA166049147)"""	interferons (PA451999)	rs12979860
"""IFNL4 (PA166049147)"""	ledipasvir (PA166128166)	rs12979860
"""IFNL4 (PA166049147)"""	peginterferon alfa-2a (PA164749390)	rs12979860;rs12979860;rs12979860;rs12979860;rs12979860;rs12979860;rs12979860;rs12979860;rs12979860;rs12979860;rs12979860;rs12979860;rs12979860;rs12979860;rs12979860;rs12979860;rs12979860;rs12979860;rs12979860;rs12979860;rs12979860;rs12979860;rs12979860;rs12979860;rs12979860;rs12979860;rs12979860;rs8099917
"""IFNL4 (PA166049147)"""	peginterferon alfa-2b (PA164784024)	rs12979860;rs12979860;rs12979860;rs12979860;rs12979860;rs12979860;rs12979860;rs12979860;rs12979860;rs12979860;rs12979860;rs12979860;rs12979860;rs12979860
"""ITPKC (PA29977)"""	Immunoglobulins (PA164712817)	rs28493229
"""MTHFR (PA245)"""	methotrexate (PA450428)	rs1801131;rs1801133
"""MTRR (PA31277)"""	methotrexate (PA450428)	rs1801394
"""THRA (PA36507)"""	lithium (PA450243)	rs2314339;rs2071427;rs2071427;rs2269457
"""ZFP91-CNTF (PA162409715)"""	iloperidone (PA161199368)	rs1800169
(no entry)	 inhalants (PA10405)	rs34548976
(no entry)	" plain (PA164713347)"""	rs238;rs2776546;rs4815273
(no entry)	"""Thiazides"	rs238;rs2776546;rs4815273
(no entry)	"""fluorouracil (PA128406956)"""	rs6458232;rs7170769;rs4932551;rs715171;rs5934731;rs5906072
(no entry)	"""hydrochlorothiazide (PA449899)"""	rs238;rs2776546;rs4815273
(no entry)	"""mitoxantrone (PA450526)"""	rs6458232;rs7170769;rs4932551;rs715171;rs5934731;rs5906072
(no entry)	"""montelukast (PA450546)"""	rs1786929
(no entry)	"""ribavirin (PA451241)"""	rs7512595;rs6806020;rs2066911;rs7750468;rs1931704;rs8113007;rs10853728;rs10853728
(no entry)	"""valproic acid (PA451846)"""	rs2769605
(no entry)	Platinum compounds (PA164713176)	rs6983267
(no entry)	adrenergics	rs34548976
(no entry)	atenolol (PA448499)	rs10739150;rs12346562
(no entry)	cisplatin (PA449014)	rs6458232;rs7170769;rs4932551;rs715171;rs5934731;rs5906072
(no entry)	citalopram (PA449015)	rs585719
(no entry)	clopidogrel (PA449053)	rs2487032
(no entry)	diuretics (PA151249535)	rs238;rs2776546;rs4815273
(no entry)	duloxetine (PA10066)	rs2933304
(no entry)	fluticasone propionate (PA449686)	rs1786929
(no entry)	hmg coa reductase inhibitors (PA133950441)	rs247616;rs445925
(no entry)	hydrochlorothiazide (PA449899)	rs12346562;rs11065987
(no entry)	lithium (PA450243)	rs6942227;rs209474;rs2769605;rs7405404;rs16973410
(no entry)	methotrexate (PA450428)	rs1232027
(no entry)	peginterferon alfa-2b (PA164784024)	rs7512595;rs6806020;rs2066911;rs7750468;rs1931704;rs8113007;rs10853728;rs10853728
(no entry)	perphenazine (PA450882)	rs11774231
(no entry)	risperidone (PA451257)	rs8050896
(no entry)	salbutamol (PA448068)	rs116551936;rs77149876;rs74973995
ABCA1 (PA24373)	fenofibrate (PA449594)	rs2230808;rs2230806;rs2230806
ABCB1 (PA267)	"""remifentanil (PA451232)"""	rs1128503
ABCB1 (PA267)	"""sevoflurane (PA451341)"""	rs1128503
ABCB1 (PA267)	antipsychotics (PA452233)	rs1128503
ABCB1 (PA267)	clopidogrel (PA449053)	rs1128503
ABCB1 (PA267)	clozapine (PA449061)	rs7787082;rs10248420
ABCB1 (PA267)	fentanyl (PA449599)	rs1128503
ABCB1 (PA267)	fluvastatin (PA449688)	rs1922242
ABCB1 (PA267)	glucocorticoids (PA452347)	rs1128503
ABCB1 (PA267)	imatinib (PA10804)	rs1128503;rs1128503
ABCB1 (PA267)	methotrexate (PA450428)	rs1128503
ABCB1 (PA267)	modafinil (PA450530)	rs1128503
ABCB1 (PA267)	propofol (PA451141)	rs1128503
ABCB1 (PA267)	remifentanil (PA451232)	rs1128503
ABCB1 (PA267)	risperidone (PA451257)	rs1128503;rs1128503
ABCB1 (PA267)	rocuronium (PA164754992)	rs1128503
ABCB1 (PA267)	simvastatin (PA451363)	rs1128503
ABCB1 (PA267)	tacrolimus (PA451578)	rs1128503;rs1128503
ABCC1 (PA244)	"""lopinavir (PA450264)"""	rs212091
ABCC1 (PA244)	"""ritonavir (PA451260)"""	rs212091
ABCC1 (PA244)	"""zidovudine (PA451954)"""	rs212091
ABCC1 (PA244)	lamivudine (PA450163)	rs212091
ABCC1 (PA244)	methotrexate (PA450428)	rs246240;rs3784864;rs35592;rs2238476;rs28364006
ABCC2 (PA116)	"""simvastatin (PA451363)"""	rs717620
ABCC2 (PA116)	antiepileptics (PA143485705)	rs717620;rs717620;rs3740066
ABCC2 (PA116)	atorvastatin (PA448500)	rs717620;rs717620
ABCC2 (PA116)	simvastatin (PA451363)	rs717620
ABCC2 (PA116)	tamoxifen (PA451581)	rs717620
ABCC4 (PA397)	imatinib (PA10804)	rs9561765
ABCC4 (PA397)	latanoprost (PA164774763)	rs11568658
ABCG2 (PA390)	"""Other general anesthetics (PA164713083)"""	rs2231142
ABCG2 (PA390)	"""volatile anesthetics (PA166131630)"""	rs2231142
ABCG2 (PA390)	Opioid anesthetics (PA164712948)	rs2231142
ABCG2 (PA390)	allopurinol (PA448320)	rs2231142;rs2231142;rs2231142
ABCG2 (PA390)	antineoplastic agents (PA452621)	rs2231142
ABCG2 (PA390)	hmg coa reductase inhibitors (PA133950441)	rs2231142
ABCG2 (PA390)	iguratimod (PA166178387)	rs2231142
ABCG2 (PA390)	imatinib (PA10804)	rs12505410;rs12505410;rs12505410;rs13120400;rs2231142;rs2725252;rs2725252;rs2725252
ABCG2 (PA390)	methotrexate (PA450428)	rs13120400;rs17731538
ABCG2 (PA390)	rosuvastatin (PA134308647)	rs1481012;rs2231142
ABCG2 (PA390)	sulfasalazine (PA451547)	rs2231142
ACE (PA139)	pravastatin (PA451089)	rs4341
ACE (PA139)	ramipril (PA451223)	rs4359
ACE2 (PA425)	captopril (PA448780)	rs2106809
ACHE (PA20)	rivastigmine (PA451262)	rs2571598
ADA (PA24503)	methotrexate (PA450428)	rs244076
ADCY9 (PA30)	dalcetrapib (PA166131581)	rs1967309
ADCY9 (PA30)	salbutamol (PA448068)	rs144315541
ADD1 (PA31)	"""furosemide (PA449719)"""	rs4961
ADD1 (PA31)	"""torasemide (PA451733)"""	rs4961
ADD1 (PA31)	bumetanide (PA448682)	rs4961
ADGRL3 (PA134968284)	methylphenidate (PA450464)	rs1355368
ADH1A (PA24570)	"""fludarabine (PA449655)"""	rs6811453;rs1826909
ADH1A (PA24570)	"""gemtuzumab ozogamicin (PA164749431)"""	rs6811453;rs1826909
ADH1A (PA24570)	"""idarubicin (PA449961)"""	rs6811453;rs1826909
ADH1A (PA24570)	cytarabine (PA449177)	rs6811453;rs1826909
ADIPOQ (PA134933118)	pioglitazone (PA450970)	rs2241766
ADM (PA24580)	paroxetine (PA450801)	rs11042725
ADORA2A (PA24584)	methotrexate (PA450428)	rs5751876
ADRA1A (PA34)	nifedipine (PA450631)	rs1048101
ADRA2A (PA35)	Selective serotonin reuptake inhibitors (PA164713257)	rs1800544
ADRA2A (PA35)	atenolol (PA448499)	rs1800545
ADRA2A (PA35)	methylphenidate (PA450464)	rs1800544;rs1800544;rs1800544;rs1800544;rs1800544;rs1800544
ADRA2A (PA35)	milnacipran (PA164752812)	rs1800544
ADRB1 (PA38)	"""carvedilol (PA448817)"""	rs1801253
ADRB1 (PA38)	"""diltiazem (PA449334)"""	rs1801253
ADRB1 (PA38)	"""flecainide (PA449646)"""	rs1801253
ADRB1 (PA38)	"""metoprolol (PA450480)"""	rs1801253
ADRB1 (PA38)	"""verapamil (PA451868)"""	rs1801253
ADRB1 (PA38)	Beta Blocking Agents (PA164712535)	rs1801253
ADRB1 (PA38)	atenolol (PA448499)	rs1801253;rs1801253
ADRB1 (PA38)	bucindolol (PA165945764)	rs1801253
ADRB1 (PA38)	dobutamine (PA449381)	rs1801253;rs1801253;rs1801253
ADRB1 (PA38)	metoprolol (PA450480)	rs1801253;rs1801253;rs1801253;rs1801253;rs1801253
ADRB2 (PA39)	"""enalapril (PA449456)"""	rs1042714
ADRB2 (PA39)	"""selective beta-2-adrenoreceptor agonists (PA134687887)"""	rs1042713
ADRB2 (PA39)	atenolol (PA448499)	rs1042711;rs1042713;rs1042714;rs1042714;rs1042714
ADRB2 (PA39)	benazepril (PA448561)	rs1042713
ADRB2 (PA39)	carvedilol (PA448817)	rs1042714
ADRB2 (PA39)	corticosteroids (PA10832)	rs1042713
ADRB2 (PA39)	enalapril (PA449456)	rs1042714
ADRB2 (PA39)	methacholine (PA165958382)	rs1042713
ADRB2 (PA39)	propranolol (PA451145)	rs1042713
ADRB2 (PA39)	ramipril (PA451223)	rs2053044
ADRB2 (PA39)	salmeterol (PA451300)	rs1042713;rs1042713
ADRB2 (PA39)	terbutaline (PA451616)	rs1800888
ADRB2 (PA39)	tiotropium (PA164769056)	rs1042713
AGAP1 (PA26412)	risperidone (PA451257)	rs1869295
AGT (PA42)	"""imidapril (PA452640)"""	rs5051
AGT (PA42)	atenolol (PA448499)	rs699;rs5051;rs5051
AGT (PA42)	benazepril (PA448561)	rs7079;rs7079;rs7079;rs699;rs4762;rs4762;rs5051
AGT (PA42)	irbesartan (PA450084)	rs699
AGT (PA42)	quinapril (PA451205)	rs699
AGTR1 (PA43)	angiotensin II (PA166109554)	rs5186
AGTR1 (PA43)	benazepril (PA448561)	rs2640543
AGTR1 (PA43)	candesartan (PA448765)	rs5186;rs5186;rs5186
AGTR1 (PA43)	captopril (PA448780)	rs5186
AGTR1 (PA43)	losartan (PA450268)	rs5186;rs5186;rs5186
AGTR1 (PA43)	nitrendipine (PA146096020)	rs5186
AGTR1 (PA43)	perindopril (PA450877)	rs5182;rs5186
AKT1 (PA24684)	"""cisplatin (PA449014)"""	rs2494752
AKT1 (PA24684)	carboplatin (PA448803)	rs2494752
AKT1 (PA24684)	risperidone (PA451257)	rs2494732;rs3803300
ALDH1A1 (PA24692)	"""doxorubicin (PA449412)"""	rs6151031
ALDH1A1 (PA24692)	cyclophosphamide (PA449165)	rs6151031
ALDH5A1 (PA24702)	methadone (PA450401)	rs2760118
AMPD1 (PA24776)	"""methotrexate (PA450428)"""	rs17602729
AMPD1 (PA24776)	folic acid (PA449692)	rs17602729
AMPD1 (PA24776)	methotrexate (PA450428)	rs17602729
ANKK1 (PA134872551)	aripiprazole (PA10026)	rs1800497
ANKK1 (PA134872551)	prochlorperazine (PA451114)	rs1800497
ANKK1 (PA134872551)	risperidone (PA451257)	rs1800497
ANKS1B (PA128394692)	amisulpride (PA162565877)	rs7968606
AOX1 (PA24842)	azathioprine (PA448515)	rs55754655
APOA1 (PA49)	fenofibrate (PA449594)	rs964184
APOA5 (PA24888)	atorvastatin (PA448500)	rs662799
APOA5 (PA24888)	fenofibrate (PA449594)	rs3135506;rs3135506;rs3135506
APOA5 (PA24888)	rosuvastatin (PA134308647)	rs662799
APOA5 (PA24888)	simvastatin (PA451363)	rs662799
APOB (PA50)	fenofibrate (PA449594)	rs676210
APOB (PA50)	irbesartan (PA450084)	rs1801701;rs1367117
APOC1 (PA51)	hmg coa reductase inhibitors (PA133950441)	rs4420638
APOE (PA55)	"""pravastatin (PA451089)"""	rs7412
APOE (PA55)	"""simvastatin (PA451363)"""	rs7412
APOE (PA55)	atorvastatin (PA448500)	rs7412;rs7412
APOE (PA55)	rosuvastatin (PA134308647)	rs7412
AREG (PA24933)	"""panitumumab (PA162373091)"""	rs1353295;rs13104811;rs9996584;rs11942466
AREG (PA24933)	"""radiotherapy (PA166122986)"""	rs11942466
AREG (PA24933)	capecitabine (PA448771)	rs11942466
AREG (PA24933)	cetuximab (PA10040)	rs1353295;rs13104811;rs9996584;rs11942466
ARG1 (PA24947)	selective beta-2-adrenoreceptor agonists (PA134687887)	rs2781659
ARMS2 (PA162376896)	bevacizumab (PA130232992)	rs10490924;rs10490924
ASIC2 (PA24433)	lithium (PA450243)	rs11869731
ASS1 (PA162376926)	hydroxyurea (PA449942)	rs10901080
ATG16L1 (PA134902949)	adalimumab (PA10004)	rs10210302
ATIC (PA25094)	"""methotrexate (PA450428)"""	rs2372536
ATIC (PA25094)	folic acid (PA449692)	rs2372536
ATIC (PA25094)	methotrexate (PA450428)	rs2372536;rs2372536;rs12995526
ATP1A2 (PA30796)	olanzapine (PA450688)	rs6688363
ATP7B (PA73)	Platinum compounds (PA164713176)	rs9535826;rs9535828
BCHE (PA25294)	"""rivastigmine (PA451262)"""	rs1803274
BCHE (PA25294)	donepezil (PA449394)	rs1803274
BCHE (PA25294)	memantine (PA10364)	rs1803274
BCHE (PA25294)	rivastigmine (PA451262)	rs1803274;rs1803274;rs1803274
BCL11A (PA25300)	hydroxyurea (PA449942)	rs1427407;rs766432;rs4671393
BCL2L11 (PA25305)	imatinib (PA10804)	rs724710
BDKRB1 (PA79)	perindopril (PA450877)	rs12050217
BDKRB2 (PA80)	enalapril (PA449456)	rs1799722
BDNF (PA31891)	antidepressants (PA452229)	rs6265
BDNF (PA31891)	antipsychotics (PA452233)	rs6265;rs11030104
BDNF (PA31891)	citalopram (PA449015)	rs7124442;rs6265;rs7103411
BDNF (PA31891)	methadone (PA450401)	rs1967554;rs11030118;rs2030324;rs11030119
BDNF (PA31891)	methylphenidate (PA450464)	rs6265
BDNF (PA31891)	olanzapine (PA450688)	rs6265
BDNF (PA31891)	paroxetine (PA450801)	rs6265;rs6265
BDNF-AS (PA134953249)	antipsychotics (PA452233)	rs10501087
BEST3 (PA162377503)	hydrochlorothiazide (PA449899)	rs61747221
BMP5 (PA25382)	escitalopram (PA10074)	rs41271330
C1orf167 (PA142672417)	methotrexate (PA450428)	rs1801131
C9orf72 (PA134908144)	ustekinumab (PA166048654)	rs774359
CA10 (PA25985)	"""montelukast (PA450546)"""	rs967676
CA10 (PA25985)	fluticasone propionate (PA449686)	rs967676
CACNA1C (PA83)	"""felodipine (PA449591)"""	rs2238032;rs2239128
CACNA1C (PA83)	"""nifedipine (PA450631)"""	rs2238032
CACNA1C (PA83)	"""nitrendipine (PA146096020)"""	rs2238032
CACNA1C (PA83)	amlodipine (PA448388)	rs2238032;rs2239128
CACNA1C (PA83)	calcium channel blockers (PA10407)	rs2238032;rs2239128
CACNA1C (PA83)	losartan (PA450268)	rs2238032
CACNA1C (PA83)	nimodipine (PA450633)	rs2239128
CACNA2D3 (PA26013)	antipsychotics (PA452233)	rs7427395
CACNB2 (PA88)	antipsychotics (PA452233)	rs982003
CACNB4 (PA26014)	antipsychotics (PA452233)	rs3768652
CACNG2 (PA26016)	lithium (PA450243)	rs2284018
CAPN10 (PA26058)	metformin (PA450395)	rs3792269
CARD16 (PA164717628)	"""ribavirin (PA451241)"""	rs1503391;rs1792774
CARD16 (PA164717628)	peginterferon alfa-2b (PA164784024)	rs1503391;rs1792774
CASP1 (PA26083)	"""ribavirin (PA451241)"""	rs568910
CASP1 (PA26083)	peginterferon alfa-2b (PA164784024)	rs568910
CASP7 (PA26091)	"""Platinum compounds (PA164713176)"""	rs12415607;rs12415607;rs7921977;rs7921977;rs2227310;rs2227310;rs4353229;rs4353229;rs1127687;rs1127687
CASP7 (PA26091)	"""gemcitabine (PA449748)"""	rs12415607;rs7921977;rs7921977;rs2227310;rs4353229
CASP7 (PA26091)	"""paclitaxel (PA450761)"""	rs12415607;rs7921977;rs7921977;rs2227310;rs4353229
CASP7 (PA26091)	"""vinorelbine (PA451881)"""	rs12415607;rs7921977;rs7921977;rs2227310;rs4353229
CASP7 (PA26091)	docetaxel (PA449383)	rs12415607;rs7921977;rs7921977;rs2227310;rs4353229
CASP7 (PA26091)	gemcitabine (PA449748)	rs1127687
CASP7 (PA26091)	paclitaxel (PA450761)	rs12415607;rs2227310;rs4353229;rs1127687
CCL2 (PA130413151)	antipsychotics (PA452233)	rs4795893;rs4586
CCL2 (PA130413151)	risperidone (PA451257)	rs4795893;rs2857657;rs4586
CD58 (PA26227)	"""interferon beta-1b (PA450039)"""	rs12044852
CD58 (PA26227)	interferon beta-1a (PA450037)	rs12044852
CD84 (PA26242)	etanercept (PA449515)	rs6427528
CDA (PA98)	"""gemcitabine (PA449748)"""	rs2072671
CDA (PA98)	cisplatin (PA449014)	rs2072671
CDA (PA98)	gemcitabine (PA449748)	rs2072671
CDC5L (PA26270)	gemcitabine (PA449748)	rs992160
CDH13 (PA26287)	amphetamine (PA448408)	rs3784943
CDH4 (PA26300)	ziprasidone (PA451974)	rs4925300
CDK4 (PA102)	somatropin recombinant (PA451446)	rs2069502;rs2270777
CDKAL1 (PA134871999)	Dipeptidyl peptidase 4 (DPP-4) inhibitors (PA164712689)	rs7754840;rs7756992
CDKAL1 (PA134871999)	Tumor necrosis factor alpha (TNF-alpha) inhibitors (PA164713366)	rs6908425
CELSR2 (PA26394)	hmg coa reductase inhibitors (PA133950441)	rs646776
CES1 (PA107)	clopidogrel (PA449053)	rs71647871
CETP (PA108)	atorvastatin (PA448500)	rs708272
CETP (PA108)	hmg coa reductase inhibitors (PA133950441)	rs1532624
CETP (PA108)	lovastatin (PA450272)	rs708272
CETP (PA108)	simvastatin (PA451363)	rs5882
CFAP44 (PA134928828)	hmg coa reductase inhibitors (PA133950441)	rs13064411
CFH (PA29261)	"""ranibizumab (PA164746012)"""	rs1061170
CFH (PA29261)	bevacizumab (PA130232992)	rs800292;rs1061170;rs1061170
CFH (PA29261)	photodynamic therapy (PA165984462)	rs1061170
CFH (PA29261)	ranibizumab (PA164746012)	rs1061170
CFTR (PA109)	ivacaftor (PA165950341)	rs78655421;rs78655421;rs78655421;rs121909005;rs121909005
CHAT (PA26448)	"""galantamine (PA449726)"""	rs3810950;rs4838392;rs12246528
CHAT (PA26448)	"""rivastigmine (PA451262)"""	rs3810950;rs4838392;rs12246528
CHAT (PA26448)	donepezil (PA449394)	rs3810950;rs4838392;rs12246528
CHRM2 (PA111)	fluticasone/salmeterol (PA165290926)	rs8191992;rs6962027;rs6962027
CHRNA3 (PA113)	nicotine (PA450626)	rs16969968
CHRNA4 (PA26490)	varenicline (PA164781343)	rs1044396
CHRNA7 (PA114)	"""galantamine (PA449726)"""	rs6494223
CHRNA7 (PA114)	"""rivastigmine (PA451262)"""	rs6494223
CHRNA7 (PA114)	donepezil (PA449394)	rs6494223
CHST3 (PA26503)	"""thalidomide (PA451644)"""	rs4148947;rs4148950;rs1871450;rs12418
CHST3 (PA26503)	docetaxel (PA449383)	rs4148947;rs4148950;rs1871450;rs12418
CLCN6 (PA26551)	methotrexate (PA450428)	rs1801133
CLEC16A (PA162382340)	glatiramer acetate (PA449760)	rs6498169
CMPK1 (PA162382539)	"""gemcitabine (PA449748)"""	rs4492666;rs11211524
CMPK1 (PA162382539)	cisplatin (PA449014)	rs4492666;rs11211524
CMPK1 (PA162382539)	gemcitabine (PA449748)	rs7543016;rs35687416;rs1044457
CNPY4 (PA162382618)	Tumor necrosis factor alpha (TNF-alpha) inhibitors (PA164713366)	rs1554973
CNTF (PA26683)	iloperidone (PA161199368)	rs1800169
CNTN4 (PA26688)	ziprasidone (PA451974)	rs17194378
COL1A1 (PA35041)	etidronic acid (PA449548)	rs1800012
COMT (PA117)	"""remifentanil (PA451232)"""	rs4680
COMT (PA117)	bupropion (PA448687)	rs737865;rs165599
COMT (PA117)	clozapine (PA449061)	rs4680
COMT (PA117)	entacapone (PA164748726)	rs4680
COMT (PA117)	fluvoxamine (PA449690)	rs4680
COMT (PA117)	methylphenidate (PA450464)	rs4680;rs4680;rs4680;rs4680
COMT (PA117)	modafinil (PA450530)	rs4680
COMT (PA117)	morphine (PA450550)	rs4680;rs4680;rs4680;rs4680
COMT (PA117)	nicotine (PA450626)	rs4680
COMT (PA117)	paroxetine (PA450801)	rs4680
COMT (PA117)	quetiapine (PA451201)	rs5993883;rs6269
COMT (PA117)	remifentanil (PA451232)	rs4680
COMT (PA117)	risperidone (PA451257)	rs9606186;rs9606186;rs933271;rs165599
COMT (PA117)	venlafaxine (PA451866)	rs4680;rs4680
COQ8B (PA134988974)	Immunoglobulins (PA164712817)	rs28493229
CREB1 (PA26864)	antidepressants (PA452229)	rs889895
CRHR1 (PA26874)	fluticasone propionate (PA449686)	rs739645;rs1876829
CRHR2 (PA26875)	"""selective beta-2-adrenoreceptor agonists (PA134687887)"""	rs7793837;rs7793837
CRHR2 (PA26875)	citalopram (PA449015)	rs2270007
CRHR2 (PA26875)	salbutamol (PA448068)	rs73294475;rs2267715;rs2284220;rs7793837;rs7793837;rs255100
CRP (PA120)	fenofibrate (PA449594)	rs1417938
CSMD1 (PA26947)	olanzapine (PA450688)	rs17070785
CTNNA2 (PA27009)	Tumor necrosis factor alpha (TNF-alpha) inhibitors (PA164713366)	rs11126740
CTNNA3 (PA27010)	antidepressants (PA452229)	rs10997242
CXCL10 (PA35568)	"""peginterferon alfa-2b (PA164784024)"""	rs56061981
CXCL10 (PA35568)	peginterferon alfa-2a (PA164749390)	rs56061981
CXCL5 (PA35573)	hmg coa reductase inhibitors (PA133950441)	rs352046
CXCL8 (PA29841)	"""cyclophosphamide (PA449165)"""	rs4073
CXCL8 (PA29841)	bevacizumab (PA130232992)	rs4073;rs4073
CXCL8 (PA29841)	ranibizumab (PA164746012)	rs4073
CYP11B2 (PA134)	"""imidapril (PA452640)"""	rs1799998
CYP11B2 (PA134)	benazepril (PA448561)	rs1799998
CYP11B2 (PA134)	candesartan (PA448765)	rs1799998
CYP19A1 (PA27091)	"""letrozole (PA450196)"""	rs4646;rs4646
CYP19A1 (PA27091)	"""tamoxifen (PA451581)"""	rs4646;rs4646
CYP19A1 (PA27091)	anastrozole (PA448432)	rs4646;rs4646
CYP19A1 (PA27091)	tamoxifen (PA451581)	rs4646;rs4646
CYP1A1 (PA27092)	antiepileptics (PA143485705)	rs2606345
CYP1A2 (PA27093)	nevirapine (PA450616)	rs762551
CYP1B1 (PA27094)	"""epirubicin (PA449476)"""	rs1056836
CYP1B1 (PA27094)	"""fluorouracil (PA128406956)"""	rs1056836
CYP1B1 (PA27094)	cyclophosphamide (PA449165)	rs1056836
CYP27B1 (PA27099)	"""ribavirin (PA451241)"""	rs10877012;rs10877012
CYP27B1 (PA27099)	peginterferon alfa-2b (PA164784024)	rs10877012;rs10877012
CYP2B6 (PA123)	bupropion (PA448687)	rs2279343
CYP2B6 (PA123)	cyclophosphamide (PA449165)	rs2279343
CYP2C19 (PA124)	"""clopidogrel (PA449053)"""	rs4244285;rs4244285;rs4244285
CYP2C19 (PA124)	"""doxorubicin (PA449412)"""	rs4244285
CYP2C19 (PA124)	"""prasugrel (PA154410481)"""	rs4244285
CYP2C19 (PA124)	"""ticagrelor (PA165374673)"""	rs4244285
CYP2C19 (PA124)	aspirin (PA448497)	rs4244285;rs4244285;rs4244285
CYP2C19 (PA124)	clopidogrel (PA449053)	rs12248560;rs4986893;rs4986893;rs4244285;rs4244285;rs4244285;rs4244285;rs4244285;rs4244285;rs4244285;rs4244285
CYP2C19 (PA124)	cyclophosphamide (PA449165)	rs4244285;rs4244285
CYP2C19 (PA124)	phenazepam (PA166180939)	rs12248560
CYP2C9 (PA126)	 urea derivatives (PA10390)	rs1799853;rs1057910
CYP2C9 (PA126)	irbesartan (PA450084)	rs1799853
CYP2C9 (PA126)	sulfonamides	rs1799853;rs1057910
CYP2D6 (PA128)	metoprolol (PA450480)	rs5030655
CYP3A4 (PA130)	"""lamotrigine (PA450164)"""	rs2687116;rs2740574
CYP3A4 (PA130)	"""phenytoin (PA450947)"""	rs2687116;rs2740574
CYP3A4 (PA130)	"""primidone (PA451105)"""	rs2687116;rs2740574
CYP3A4 (PA130)	"""valproic acid (PA451846)"""	rs2687116;rs2740574
CYP3A4 (PA130)	amlodipine (PA448388)	rs2246709;rs2740574
CYP3A4 (PA130)	buprenorphine (PA448685)	rs2740574
CYP3A4 (PA130)	carbamazepine (PA448785)	rs2687116;rs2740574
CYP3A4 (PA130)	cyclosporine (PA449167)	rs4646437
CYP3A4 (PA130)	fluvastatin (PA449688)	rs4986910
CYP3A4 (PA130)	lumefantrine (PA165111722)	rs2740574
CYP3A4 (PA130)	simvastatin (PA451363)	rs35599367
CYP3A5 (PA131)	"""lovastatin (PA450272)"""	rs776746
CYP3A5 (PA131)	"""paclitaxel (PA450761)"""	rs776746
CYP3A5 (PA131)	"""simvastatin (PA451363)"""	rs776746
CYP3A5 (PA131)	atorvastatin (PA448500)	rs17161788;rs776746;rs776746;rs776746
CYP3A5 (PA131)	clopidogrel (PA449053)	rs776746
CYP3A5 (PA131)	docetaxel (PA449383)	rs776746
CYP3A5 (PA131)	imatinib (PA10804)	rs776746
CYP3A5 (PA131)	rosuvastatin (PA134308647)	rs776746
CYP4F2 (PA27121)	"""clopidogrel (PA449053)"""	rs2108622
CYP4F2 (PA27121)	aspirin (PA448497)	rs2108622
CYP4F2 (PA27121)	warfarin (PA451906)	rs2108622
CYP7A1 (PA132)	atorvastatin (PA448500)	rs3808607
DBH (PA136)	levodopa (PA450213)	rs1611115
DBH (PA136)	naltrexone (PA450588)	rs1611115
DCK (PA137)	"""idarubicin (PA449961)"""	rs80143932;rs2306744
DCK (PA137)	cytarabine (PA449177)	rs80143932;rs2306744
DOT1L (PA134993717)	hydrochlorothiazide (PA449899)	rs2269879
DPYD (PA145)	"""fluorouracil (PA128406956)"""	rs1801159
DPYD (PA145)	"""s 1 (combination) (PA166115442)"""	rs1801159
DPYD (PA145)	capecitabine (PA448771)	rs1801159;rs1801159
DPYD (PA145)	fluorouracil (PA128406956)	rs3918290;rs1801265
DRD1 (PA147)	clozapine (PA449061)	rs265976;rs686
DRD1 (PA147)	methylphenidate (PA450464)	rs4867798;rs5326
DRD2 (PA27478)	"""risperidone (PA451257)"""	rs2514218
DRD2 (PA27478)	amisulpride (PA162565877)	rs1079597
DRD2 (PA27478)	antipsychotics (PA452233)	rs1799732
DRD2 (PA27478)	aripiprazole (PA10026)	rs6277;rs2514218
DRD2 (PA27478)	bupropion (PA448687)	rs1799732
DRD2 (PA27478)	chlorpromazine (PA448964)	rs1799732
DRD2 (PA27478)	clozapine (PA449061)	rs2514218
DRD2 (PA27478)	nicotine (PA450626)	rs6277;rs1799732
DRD2 (PA27478)	olanzapine (PA450688)	rs1076560
DRD2 (PA27478)	prochlorperazine (PA451114)	rs1079597
DRD2 (PA27478)	rasagiline (PA164764584)	rs1076560;rs2283265
DRD2 (PA27478)	risperidone (PA451257)	rs1799978
DRD3 (PA27479)	clozapine (PA449061)	rs6280
DRD3 (PA27479)	duloxetine (PA10066)	rs167770;rs324023;rs324026
DRD3 (PA27479)	methylphenidate (PA450464)	rs6280
DRD3 (PA27479)	paroxetine (PA450801)	rs6280
DRD3 (PA27479)	pramipexole (PA164742949)	rs6280
DRD3 (PA27479)	risperidone (PA451257)	rs6280
EGFR (PA7360)	fluorouracil (PA128406956)	rs2293347
ERBB3 (PA27846)	"""docetaxel (PA449383)"""	rs773123
ERBB3 (PA27846)	"""trastuzumab (PA451743)"""	rs773123
ERBB3 (PA27846)	carboplatin (PA448803)	rs773123
ERCC1 (PA155)	"""capecitabine (PA448771)"""	rs11615
ERCC1 (PA155)	"""cisplatin (PA449014)"""	rs11615
ERCC1 (PA155)	"""docetaxel (PA449383)"""	rs11615
ERCC1 (PA155)	"""epirubicin (PA449476)"""	rs11615
ERCC1 (PA155)	"""gemcitabine (PA449748)"""	rs11615
ERCC1 (PA155)	"""leucovorin (PA450198)"""	rs11615;rs3212948
ERCC1 (PA155)	"""oxaliplatin (PA131285527)"""	rs11615;rs11615;rs3212948
ERCC1 (PA155)	"""radiotherapy (PA166122986)"""	rs11615
ERCC1 (PA155)	"""trastuzumab (PA451743)"""	rs11615
ERCC1 (PA155)	Platinum compounds (PA164713176)	rs11615;rs11615
ERCC1 (PA155)	bevacizumab (PA130232992)	rs11615
ERCC1 (PA155)	capecitabine (PA448771)	rs11615
ERCC1 (PA155)	cisplatin (PA449014)	rs11615
ERCC1 (PA155)	fluorouracil (PA128406956)	rs11615;rs3212948
ERCC2 (PA27848)	"""capecitabine (PA448771)"""	rs13181
ERCC2 (PA27848)	"""cisplatin (PA449014)"""	rs13181
ERCC2 (PA27848)	"""docetaxel (PA449383)"""	rs13181
ERCC2 (PA27848)	"""epirubicin (PA449476)"""	rs13181
ERCC2 (PA27848)	"""oxaliplatin (PA131285527)"""	rs13181
ERCC2 (PA27848)	"""trastuzumab (PA451743)"""	rs13181
ERCC2 (PA27848)	Platinum compounds (PA164713176)	rs1052555
ERCC2 (PA27848)	bevacizumab (PA130232992)	rs13181
ERCC3 (PA27849)	Platinum compounds (PA164713176)	rs3738948
ERCC4 (PA27850)	Platinum compounds (PA164713176)	rs1799801
ERCC5 (PA27851)	platinum (PA150595617)	rs17655
ERICH3 (PA142672422)	"""escitalopram (PA10074)"""	rs11580409
ERICH3 (PA142672422)	citalopram (PA449015)	rs11580409
ESR1 (PA156)	leflunomide (PA450192)	rs2234693;rs9340799
ESR2 (PA27886)	gemcitabine (PA449748)	rs944050
F13A1 (PA162)	photodynamic therapy (PA165984462)	rs5985
F3 (PA158)	simvastatin (PA451363)	rs3917643
FASTKD3 (PA145148868)	methotrexate (PA450428)	rs1801394
FCAR (PA28055)	pravastatin (PA451089)	rs11666735
FCER1A (PA28056)	"""mizolastine (PA166129535)"""	rs2298805
FCER1A (PA28056)	desloratadine (PA164776964)	rs2298805
FCGR2A (PA28063)	"""doxorubicin (PA449412)"""	rs1801274
FCGR2A (PA28063)	"""etanercept (PA449515)"""	rs1801274
FCGR2A (PA28063)	"""infliximab (PA452639)"""	rs1801274
FCGR2A (PA28063)	"""paclitaxel (PA450761)"""	rs1801274
FCGR2A (PA28063)	"""trastuzumab (PA451743)"""	rs1801274
FCGR2A (PA28063)	Tumor necrosis factor alpha (TNF-alpha) inhibitors (PA164713366)	rs1801274
FCGR2A (PA28063)	adalimumab (PA10004)	rs1801274;rs1801274
FCGR2A (PA28063)	cetuximab (PA10040)	rs1801274;rs1801274
FCGR2A (PA28063)	cyclophosphamide (PA449165)	rs1801274
FCGR2A (PA28063)	infliximab (PA452639)	rs1801274
FCGR2A (PA28063)	rituximab (PA451261)	rs1801274
FCGR2A (PA28063)	tocilizumab (PA165292659)	rs1801274
FDPS (PA28075)	Bisphosphonates (PA164712563)	rs11264359
FHIT (PA28140)	"""interferon beta-1b (PA450039)"""	rs760316
FHIT (PA28140)	interferon beta-1a (PA450037)	rs760316
FKBP5 (PA28162)	"""Selective serotonin reuptake inhibitors (PA164713257)"""	rs3800373;rs1360780
FKBP5 (PA28162)	"""fluoxetine (PA449673)"""	rs3800373;rs1360780
FKBP5 (PA28162)	"""mirtazapine (PA450522)"""	rs3800373;rs1360780
FKBP5 (PA28162)	"""paroxetine (PA450801)"""	rs3800373;rs1360780
FKBP5 (PA28162)	"""venlafaxine (PA451866)"""	rs3800373;rs1360780
FKBP5 (PA28162)	antidepressants (PA452229)	rs3800373;rs3800373;rs3800373;rs1360780;rs1360780;rs1360780
FKBP5 (PA28162)	citalopram (PA449015)	rs3800373;rs1360780
FMO2 (PA164741534)	glibenclamide (PA449782)	rs7515157
FMO5 (PA28189)	metformin (PA450395)	rs7541245
FOLR3 (PA28211)	pemetrexed (PA10810)	rs61734430
FPGS (PA167)	methotrexate (PA450428)	rs1544105
FTO (PA152208656)	 recombinant (PA164779048)	rs9939609
FTO (PA152208656)	" recombinant (PA164783990)"""	rs9939609
FTO (PA152208656)	"""interferon alfa-2b"	rs9939609
FTO (PA152208656)	"""ribavirin (PA451241)"""	rs9939609
FTO (PA152208656)	interferon alfa-2a	rs9939609
GABRA1 (PA28489)	carbamazepine (PA448785)	rs2290732
GABRQ (PA28504)	venlafaxine (PA451866)	rs3810651
GAL (PA28529)	"""Selective serotonin reuptake inhibitors (PA164713257)"""	rs948854
GAL (PA28529)	"""benzodiazepine derivatives (PA10402)"""	rs948854
GAL (PA28529)	"""mirtazapine (PA450522)"""	rs948854
GAL (PA28529)	antidepressants (PA452229)	rs948854
GALNT14 (PA134920089)	"""fluorouracil (PA128406956)"""	rs12999804;rs10209881;rs6752303;rs9679162;rs5009910;rs12613732;rs7608731
GALNT14 (PA134920089)	"""mitoxantrone (PA450526)"""	rs12999804;rs10209881;rs6752303;rs9679162;rs5009910;rs12613732;rs7608731
GALNT14 (PA134920089)	cisplatin (PA449014)	rs12999804;rs10209881;rs6752303;rs9679162;rs5009910;rs12613732;rs7608731
GALNT18 (PA134950929)	cisplatin (PA449014)	rs7937567
GBP6 (PA134964409)	etanercept (PA449515)	rs928655
GDNF (PA28644)	paroxetine (PA450801)	rs2973049;rs2216711
GGH (PA432)	methotrexate (PA450428)	rs3758149
GLCCI1 (PA38657)	glucocorticoids (PA452347)	rs37973
GLDC (PA28716)	"""escitalopram (PA10074)"""	rs10975641
GLDC (PA28716)	citalopram (PA449015)	rs10975641
GNAS (PA175)	"""fluorouracil (PA128406956)"""	rs7121
GNAS (PA175)	cisplatin (PA449014)	rs7121
GNAS (PA175)	dobutamine (PA449381)	rs62205366
GNB3 (PA176)	"""furosemide (PA449719)"""	rs5443
GNB3 (PA176)	"""isosorbide dinitrate (PA450125)"""	rs5443
GNB3 (PA176)	"""torasemide (PA451733)"""	rs5443
GNB3 (PA176)	amlodipine (PA448388)	rs5443
GNB3 (PA176)	antidepressants (PA452229)	rs5443
GNB3 (PA176)	atenolol (PA448499)	rs2301339;rs2301339;rs2301339;rs5443;rs5443;rs5443
GNB3 (PA176)	bumetanide (PA448682)	rs5443
GNB3 (PA176)	clonidine (PA449051)	rs5443;rs5443
GNB3 (PA176)	hydralazine (PA449894)	rs5443
GNB3 (PA176)	sibutramine (PA451344)	rs5443
GNB3 (PA176)	sildenafil (PA451346)	rs5443
GNB3 (PA176)	sumatriptan (PA451566)	rs5443
GNB3 (PA176)	telmisartan (PA451605)	rs5443
GP1BA (PA178)	aspirin (PA448497)	rs6065
GPR83 (PA28927)	candesartan (PA448765)	rs3758785
GPR83 (PA28927)	hydrochlorothiazide (PA449899)	rs3758785
GRIA3 (PA28968)	"""venlafaxine (PA451866)"""	rs3761555;rs502434
GRIA3 (PA28968)	Selective serotonin reuptake inhibitors (PA164713257)	rs3761555;rs502434
GRIK1 (PA28973)	topiramate (PA451728)	rs2832407
GRIK4 (PA28976)	antidepressants (PA452229)	rs1954787;rs1954787
GRIN2B (PA28980)	acamprosate (PA10344)	rs2058878
GRK4 (PA28941)	atenolol (PA448499)	rs2960306;rs1024323
GRK4 (PA28941)	metoprolol (PA450480)	rs2960306;rs1024323;rs1801058
GRM3 (PA28992)	antipsychotics (PA452233)	rs2299214;rs6465084
GRM3 (PA28992)	risperidone (PA451257)	rs2299214;rs724226
GSK3B (PA29009)	"""fluoxetine (PA449673)"""	rs334558
GSK3B (PA29009)	citalopram (PA449015)	rs334558
GSK3B (PA29009)	lithium (PA450243)	rs6438552
GSTP1 (PA29028)	"""epirubicin (PA449476)"""	rs1695;rs1695
GSTP1 (PA29028)	"""fluorouracil (PA128406956)"""	rs1695
GSTP1 (PA29028)	"""oxaliplatin (PA131285527)"""	rs1695
GSTP1 (PA29028)	anthracyclines and related substances (PA130620651)	rs1695
GSTP1 (PA29028)	cyclophosphamide (PA449165)	rs1695;rs1695
GSTP1 (PA29028)	dimethyl fumarate (PA166152838)	rs1695
GSTP1 (PA29028)	fluorouracil (PA128406956)	rs1695
HDAC1 (PA29226)	Corticosteroids For Systemic Use (PA164712636)	rs1741981
HDAC1 (PA29226)	corticosteroids (PA10832)	rs1741981
HLA-B (PA35056)	etanercept (PA449515)	rs13437088
HLA-C (PA35057)	Tumor necrosis factor alpha (TNF-alpha) inhibitors (PA164713366)	rs12191877
HLA-DPA1 (PA35062)	peginterferon alfa-2b (PA164784024)	rs3077
HLA-G (PA35083)	"""fluorouracil (PA128406956)"""	rs9380142
HLA-G (PA35083)	capecitabine (PA448771)	rs9380142
HMGB1 (PA188)	Platinum compounds (PA164713176)	rs1412125
HMGCR (PA189)	atorvastatin (PA448500)	rs17671591
HMGCR (PA189)	hmg coa reductase inhibitors (PA133950441)	rs3846662
HRH4 (PA134982275)	risperidone (PA451257)	rs4483927
HSPA5 (PA29504)	Platinum compounds (PA164713176)	rs430397
HTR1A (PA192)	"""antipsychotics (PA452233)"""	rs10042486
HTR1A (PA192)	"""milnacipran (PA164752812)"""	rs1364043;rs6295;rs10042486
HTR1A (PA192)	"""olanzapine (PA450688)"""	rs10042486
HTR1A (PA192)	"""paroxetine (PA450801)"""	rs1364043;rs6295;rs10042486
HTR1A (PA192)	"""quetiapine (PA451201)"""	rs10042486
HTR1A (PA192)	"""risperidone (PA451257)"""	rs10042486
HTR1A (PA192)	amisulpride (PA162565877)	rs10042486
HTR1A (PA192)	clozapine (PA449061)	rs6295
HTR1A (PA192)	fluoxetine (PA449673)	rs6295
HTR1A (PA192)	fluvoxamine (PA449690)	rs1364043;rs6295;rs10042486
HTR1A (PA192)	milnacipran (PA164752812)	rs6295
HTR2A (PA193)	antidepressants (PA452229)	rs6314;rs7997012;rs6313
HTR2A (PA193)	fluvoxamine (PA449690)	rs6311
HTR2A (PA193)	olanzapine (PA450688)	rs6314
HTR2A (PA193)	risperidone (PA451257)	rs6311
HTR2A (PA193)	ustekinumab (PA166048654)	rs6311
HTR2C (PA194)	risperidone (PA451257)	rs3813928;rs518147
HTR3A (PA29555)	clozapine (PA449061)	rs1150226;rs1062613;rs1062613;rs2276302;rs2276302
IFNAR1 (PA29670)	glatiramer acetate (PA449760)	rs1012335
IFNG (PA29674)	Tumor necrosis factor alpha (TNF-alpha) inhibitors (PA164713366)	rs2430561;rs2069705
IFNL3 (PA134952671)	 recombinant (PA164779048)	rs12979860;rs12979860;rs8099917;rs8099917
IFNL3 (PA134952671)	" recombinant (PA164783990)"""	rs12979860;rs12979860;rs8099917;rs8099917
IFNL3 (PA134952671)	"""faldaprevir (PA166128132)"""	rs12979860
IFNL3 (PA134952671)	"""interferon alfa-2b"	rs12979860;rs12979860;rs8099917;rs8099917
IFNL3 (PA134952671)	"""peginterferon alfa-2a (PA164749390)"""	rs12979860;rs12979860
IFNL3 (PA134952671)	"""peginterferon alfa-2b (PA164784024)"""	rs12980275;rs12980275;rs12980275;rs11881222;rs28416813;rs12979860;rs12979860;rs12979860;rs12979860;rs12979860;rs12979860;rs12979860;rs12979860;rs12979860;rs12979860;rs12979860;rs12979860;rs12979860;rs12979860;rs12979860;rs12979860;rs12979860;rs12979860;rs12979860;rs12979860;rs12979860;rs12979860;rs12979860;rs12979860;rs8099917;rs8099917;rs8099917;rs8099917;rs8099917;rs8099917;rs8099917;rs8099917;rs8099917;rs8099917;rs8099917;rs8099917;rs8099917;rs8099917;rs8099917;rs8099917;rs8099917;rs8099917;rs8099917
IFNL3 (PA134952671)	"""ribavirin (PA451241)"""	rs12980275;rs12980275;rs12980275;rs12980275;rs8105790;rs8105790;rs4803217;rs4803217;rs11881222;rs11881222;rs11881222;rs11881222;rs28416813;rs28416813;rs28416813;rs12979860;rs12979860;rs12979860;rs12979860;rs12979860;rs12979860;rs12979860;rs12979860;rs12979860;rs12979860;rs12979860;rs12979860;rs12979860;rs12979860;rs12979860;rs12979860;rs12979860;rs12979860;rs12979860;rs12979860;rs12979860;rs12979860;rs12979860;rs12979860;rs12979860;rs12979860;rs12979860;rs12979860;rs12979860;rs12979860;rs12979860;rs12979860;rs12979860;rs12979860;rs12979860;rs12979860;rs12979860;rs12979860;rs12979860;rs12979860;rs12979860;rs12979860;rs12979860;rs12979860;rs12979860;rs8099917;rs8099917;rs8099917;rs8099917;rs8099917;rs8099917;rs8099917;rs8099917;rs8099917;rs8099917;rs8099917;rs8099917;rs8099917;rs8099917;rs8099917;rs8099917;rs8099917;rs8099917;rs8099917;rs8099917;rs8099917;rs8099917;rs8099917;rs8099917;rs8099917;rs8099917;rs8099917;rs8099917;rs8099917;rs8099917;rs8099917;rs8099917;rs8099917;rs8099917;rs8099917;rs8099917;rs8099917;rs8099917;rs8099917;rs8099917;rs8099917;rs8099917;rs7248668;rs7248668
IFNL3 (PA134952671)	"""simeprevir (PA166122590)"""	rs8099917
IFNL3 (PA134952671)	"""sofosbuvir (PA166122593)"""	rs12979860
IFNL3 (PA134952671)	"""telaprevir (PA165958354)"""	rs12979860;rs12979860;rs12979860;rs12979860;rs12979860;rs8099917;rs8099917;rs8099917
IFNL3 (PA134952671)	boceprevir (PA165948902)	rs12979860;rs12979860
IFNL3 (PA134952671)	deleobuvir (PA166128130)	rs12979860
IFNL3 (PA134952671)	interferon alfa-2a	rs12979860;rs12979860;rs8099917;rs8099917
IFNL3 (PA134952671)	interferon alfa-n1 (PA164746538)	rs12979860;rs12979860;rs8099917;rs8099917
IFNL3 (PA134952671)	interferons (PA451999)	rs12979860;rs8099917
IFNL3 (PA134952671)	ledipasvir (PA166128166)	rs12979860
IFNL3 (PA134952671)	peginterferon alfa-2a (PA164749390)	rs12980275;rs12980275;rs12980275;rs12980275;rs8105790;rs4803217;rs11881222;rs11881222;rs28416813;rs28416813;rs12979860;rs12979860;rs12979860;rs12979860;rs12979860;rs12979860;rs12979860;rs12979860;rs12979860;rs12979860;rs12979860;rs12979860;rs12979860;rs12979860;rs12979860;rs12979860;rs12979860;rs12979860;rs12979860;rs12979860;rs12979860;rs12979860;rs12979860;rs12979860;rs12979860;rs12979860;rs12979860;rs8099917;rs8099917;rs8099917;rs8099917;rs8099917;rs8099917;rs8099917;rs8099917;rs8099917;rs8099917;rs8099917;rs8099917;rs8099917;rs8099917;rs8099917;rs8099917;rs8099917;rs8099917;rs8099917;rs8099917;rs7248668
IFNL3 (PA134952671)	peginterferon alfa-2b (PA164784024)	rs12980275;rs8105790;rs4803217;rs11881222;rs11881222;rs28416813;rs12979860;rs12979860;rs12979860;rs12979860;rs12979860;rs12979860;rs12979860;rs12979860;rs12979860;rs12979860;rs12979860;rs12979860;rs12979860;rs12979860;rs8099917;rs8099917;rs8099917;rs8099917;rs8099917;rs8099917;rs8099917;rs8099917;rs8099917;rs8099917;rs8099917;rs8099917;rs8099917;rs8099917;rs8099917;rs8099917;rs8099917;rs8099917;rs8099917;rs8099917;rs7248668
IGF2R (PA29701)	salbutamol (PA448068)	rs8191725
IL10 (PA29778)	etanercept (PA449515)	rs1800896
IL11 (PA29781)	escitalopram (PA10074)	rs1126757
IL12B (PA29785)	"""infliximab (PA452639)"""	rs2546890
IL12B (PA29785)	Tumor necrosis factor alpha (TNF-alpha) inhibitors (PA164713366)	rs2546890
IL12B (PA29785)	adalimumab (PA10004)	rs2546890
IL12B (PA29785)	etanercept (PA449515)	rs2546890
IL12B (PA29785)	ustekinumab (PA166048654)	rs3213094
IL13 (PA199)	Hepatitis vaccines (PA164712789)	rs1295686
IL13 (PA199)	ustekinumab (PA166048654)	rs848
IL17A (PA29794)	Tumor necrosis factor alpha (TNF-alpha) inhibitors (PA164713366)	rs2275913
IL17F (PA29800)	adalimumab (PA10004)	rs763780
IL17F (PA29800)	infliximab (PA452639)	rs763780
IL17F (PA29800)	ustekinumab (PA166048654)	rs763780
IL18 (PA29802)	 recombinant (PA164779048)	rs187238;rs1946518
IL18 (PA29802)	" recombinant (PA164783990)"""	rs187238;rs1946518
IL18 (PA29802)	"""interferon alfa-2b"	rs187238;rs1946518
IL18 (PA29802)	"""interferons (PA451999)"""	rs187238;rs1946518
IL18 (PA29802)	"""peginterferon alfa-2a (PA164749390)"""	rs187238;rs1946518
IL18 (PA29802)	"""peginterferon alfa-2b (PA164784024)"""	rs187238;rs1946518
IL18 (PA29802)	"""ribavirin (PA451241)"""	rs187238;rs1946518
IL18 (PA29802)	Tumor necrosis factor alpha (TNF-alpha) inhibitors (PA164713366)	rs1946518
IL18 (PA29802)	interferon alfa-2a	rs187238;rs1946518
IL1B (PA29808)	"""omeprazole (PA450704)"""	rs16944;rs16944
IL1B (PA29808)	"""rabeprazole (PA451216)"""	rs16944;rs16944
IL1B (PA29808)	"""ustekinumab (PA166048654)"""	rs1143627
IL1B (PA29808)	Tumor necrosis factor alpha (TNF-alpha) inhibitors (PA164713366)	rs1143627;rs4848306
IL1B (PA29808)	infliximab (PA452639)	rs1143634
IL1B (PA29808)	lansoprazole (PA450180)	rs16944;rs16944
IL1RN (PA29816)	Tumor necrosis factor alpha (TNF-alpha) inhibitors (PA164713366)	rs4251961
IL2 (PA195)	rituximab (PA451261)	rs6822844;rs6822844
IL21R (PA29821)	"""ribavirin (PA451241)"""	rs3093390
IL21R (PA29821)	peginterferon alfa-2b (PA164784024)	rs3093390
IL4R (PA29832)	Hepatitis vaccines (PA164712789)	rs1805015
IL4R (PA29832)	pitrakinra (PA165983754)	rs3024530;rs8832;rs1029489
IL6 (PA198)	"""etanercept (PA449515)"""	rs1800795
IL6 (PA198)	"""infliximab (PA452639)"""	rs1800795
IL6 (PA198)	Tumor necrosis factor alpha (TNF-alpha) inhibitors (PA164713366)	rs1800795
IL6 (PA198)	adalimumab (PA10004)	rs1800795
IL6 (PA198)	fenofibrate (PA449594)	rs1800795
IL6 (PA198)	peginterferon alfa-2a (PA164749390)	rs1800797;rs1800796;rs1800795
IL6R (PA29835)	tocilizumab (PA165292659)	rs12083537;rs12083537;rs4329505
ITIH3 (PA29966)	clozapine (PA449061)	rs2535629
KCNJ11 (PA217)	 urea derivatives (PA10390)	rs5219
KCNJ11 (PA217)	gliclazide (PA10892)	rs5219
KCNJ11 (PA217)	repaglinide (PA451234)	rs5219
KCNJ11 (PA217)	sulfonamides	rs5219
KCNMA1 (PA220)	quetiapine (PA451201)	rs35793
KCNQ1 (PA223)	gliclazide (PA10892)	rs2237897
KCNQ1 (PA223)	repaglinide (PA451234)	rs2237892;rs2237895
KDR (PA30086)	"""dexamethasone (PA449247)"""	rs1870377;rs2305948
KDR (PA30086)	"""lenalidomide (PA162363968)"""	rs1870377;rs2305948
KDR (PA30086)	carfilzomib (PA166165203)	rs1870377;rs2305948
KDR (PA30086)	clopidogrel (PA449053)	rs2305948
KDR (PA30086)	ranibizumab (PA164746012)	rs2071559
KIF6 (PA134920075)	"""pravastatin (PA451089)"""	rs9471077;rs9471077;rs9462535;rs9462535
KIF6 (PA134920075)	atorvastatin (PA448500)	rs9471077;rs9471077;rs9462535;rs9462535
KMT2E (PA38568)	duloxetine (PA10066)	rs117986340
KRAS (PA30196)	"""cetuximab (PA10040)"""	rs61764370
KRAS (PA30196)	"""oxaliplatin (PA131285527)"""	rs61764370
KRAS (PA30196)	capecitabine (PA448771)	rs61764370
LDLR (PA227)	"""peginterferon alfa-2b (PA164784024)"""	rs14158
LDLR (PA227)	"""ribavirin (PA451241)"""	rs14158
LDLR (PA227)	lovastatin (PA450272)	rs688;rs5925
LDLR (PA227)	peginterferon alfa-2a (PA164749390)	rs14158
LEPR (PA229)	simvastatin (PA451363)	rs1137101
LGR5 (PA28894)	fluorouracil (PA128406956)	rs17109924
LIPC (PA230)	fluvastatin (PA449688)	rs1800588
LIPC (PA230)	pravastatin (PA451089)	rs1800588
LIPC (PA230)	simvastatin (PA451363)	rs1800588
LPA (PA30432)	hmg coa reductase inhibitors (PA133950441)	rs10455872;rs10455872
LPA (PA30432)	rosuvastatin (PA134308647)	rs10455872
LPIN1 (PA30436)	rosiglitazone (PA451283)	rs10192566
LPL (PA232)	fenofibrate (PA449594)	rs320
LPL (PA232)	pravastatin (PA451089)	rs328
LRP1B (PA30451)	risperidone (PA451257)	rs874295
LYN (PA30498)	ziprasidone (PA451974)	rs1546519
MALAT1 (PA134935778)	Platinum compounds (PA164713176)	rs619586
MAML3 (PA134953776)	perphenazine (PA450882)	rs11100483
MAPK1 (PA30616)	antidepressants (PA452229)	rs8136867
MCPH1 (PA30701)	perphenazine (PA450882)	rs17570753
MDM4 (PA30719)	"""epirubicin (PA449476)"""	rs1563828
MDM4 (PA30719)	docetaxel (PA449383)	rs1563828
MECP2 (PA30729)	"""fluorouracil (PA128406956)"""	rs17435;rs1734787;rs1734791
MECP2 (PA30729)	"""mitoxantrone (PA450526)"""	rs17435;rs1734787;rs1734791
MECP2 (PA30729)	cisplatin (PA449014)	rs17435;rs1734787;rs1734791
MICB (PA30812)	"""peginterferon alfa-2b (PA164784024)"""	rs3828913
MICB (PA30812)	"""ribavirin (PA451241)"""	rs3828913
MICB (PA30812)	peginterferon alfa-2a (PA164749390)	rs3828913
MLLT3 (PA30852)	montelukast (PA450546)	rs6475448
MMP9 (PA30889)	"""Methyldopa (PA164712898)"""	rs3918242
MMP9 (PA30889)	"""hydralazine (PA449894)"""	rs3918242
MMP9 (PA30889)	"""nifedipine (PA450631)"""	rs3918242
MMP9 (PA30889)	Antihypertensives (PA164712445)	rs3918242
MMP9 (PA30889)	Methyldopa (PA164712898)	rs3918242
MTHFR (PA245)	 Incl. Combinations (PA164713398)	rs1801131;rs1801133
MTHFR (PA245)	"""capecitabine (PA448771)"""	rs1801133
MTHFR (PA245)	"""cisplatin (PA449014)"""	rs1801133
MTHFR (PA245)	"""docetaxel (PA449383)"""	rs1801133
MTHFR (PA245)	"""epirubicin (PA449476)"""	rs1801133
MTHFR (PA245)	"""fluorouracil (PA128406956)"""	rs1801133
MTHFR (PA245)	"""leucovorin (PA450198)"""	rs1801131;rs1801133;rs1801133
MTHFR (PA245)	"""oxaliplatin (PA131285527)"""	rs1801131;rs1801133;rs1801133;rs1801133
MTHFR (PA245)	"""trastuzumab (PA451743)"""	rs1801133
MTHFR (PA245)	Vitamin B-complex	rs1801131;rs1801133
MTHFR (PA245)	benazepril (PA448561)	rs1801131;rs1801133;rs1801133
MTHFR (PA245)	bevacizumab (PA130232992)	rs1801133
MTHFR (PA245)	capecitabine (PA448771)	rs1801133
MTHFR (PA245)	disulfiram (PA449376)	rs1801133
MTHFR (PA245)	fluorouracil (PA128406956)	rs1801131;rs1801133;rs1801133
MTHFR (PA245)	methotrexate (PA450428)	rs1801131;rs1801131;rs1801131;rs1801133;rs1801133;rs1801133
MTHFR (PA245)	oxaliplatin (PA131285527)	rs1801131
MTR (PA31272)	"""hydroxychloroquine (PA164777036)"""	rs1805087
MTR (PA31272)	"""methotrexate (PA450428)"""	rs1805087
MTR (PA31272)	"""sulfasalazine (PA451547)"""	rs1805087
MTR (PA31272)	benazepril (PA448561)	rs1805087
MTR (PA31272)	folic acid (PA449692)	rs1805087
MTR (PA31272)	methotrexate (PA450428)	rs1805087
MTRR (PA31277)	methotrexate (PA450428)	rs1801394;rs1801394
MTTP (PA164742099)	atorvastatin (PA448500)	rs1800591
MYLIP (PA134942677)	atorvastatin (PA448500)	rs9370867
NALCN (PA162396840)	ziprasidone (PA451974)	rs9585618
NAT2 (PA18)	iguratimod (PA166178387)	rs1495741
NCF4 (PA31465)	idarubicin (PA449961)	rs1883112
NCOA3 (PA31472)	salbutamol (PA448068)	rs115501901
NEDD4L (PA31534)	 selective (PA164712547)	rs4149601
NEDD4L (PA31534)	"""amiloride (PA448368)"""	rs4149601
NEDD4L (PA31534)	"""diuretics (PA151249535)"""	rs4149601
NEDD4L (PA31534)	Aldosterone antagonists (PA164712326)	rs4149601
NEDD4L (PA31534)	Beta blocking agents	rs4149601
NEDD4L (PA31534)	atenolol (PA448499)	rs75982813
NEDD4L (PA31534)	citalopram (PA449015)	rs520210
NEDD4L (PA31534)	hydrochlorothiazide (PA449899)	rs75982813;rs4149601;rs4149601;rs292449
NFKB1 (PA248)	flupenthixol (PA10268)	rs3774959
NOS3 (PA254)	enalapril (PA449456)	rs2070744
NOS3 (PA254)	sildenafil (PA451346)	rs2070744
NPAS3 (PA134968746)	risperidone (PA451257)	rs1315115
NPC1L1 (PA31699)	hmg coa reductase inhibitors (PA133950441)	rs2072183
NPPA-AS1 (PA165752124)	"""furosemide (PA449719)"""	rs5065;rs5065;rs5063
NPPA-AS1 (PA165752124)	"""torasemide (PA451733)"""	rs5065;rs5065;rs5063
NPPA-AS1 (PA165752124)	bumetanide (PA448682)	rs5065;rs5065;rs5063
NQO1 (PA31744)	"""fluorouracil (PA128406956)"""	rs1800566
NQO1 (PA31744)	"""oxaliplatin (PA131285527)"""	rs1800566
NQO1 (PA31744)	epirubicin (PA449476)	rs1800566
NR1D1 (PA31748)	lithium (PA450243)	rs2314339;rs2071427;rs2071427;rs2269457;rs12941497;rs2071570
NR1I2 (PA378)	pazopanib (PA165291492)	rs3814055
NR3C2 (PA242)	enalapril (PA449456)	rs5522
NRXN1 (PA31786)	antipsychotics (PA452233)	rs12467557;rs10490162
NTRK2 (PA31818)	clozapine (PA449061)	rs10465180
OPRD1 (PA31942)	buprenorphine (PA448685)	rs529520;rs581111
OPRM1 (PA31945)	"""Other general anesthetics (PA164713083)"""	rs1799971
OPRM1 (PA31945)	"""tramadol (PA451735)"""	rs1799971
OPRM1 (PA31945)	"""volatile anesthetics (PA166131630)"""	rs1799971
OPRM1 (PA31945)	Opioid anesthetics (PA164712948)	rs1799971
OPRM1 (PA31945)	acetaminophen (PA448015)	rs1799971
OPRM1 (PA31945)	ethanol (PA448073)	rs1799971;rs1799971
OPRM1 (PA31945)	fentanyl (PA449599)	rs1799971
OPRM1 (PA31945)	methadone (PA450401)	rs10485058
OPRM1 (PA31945)	morphine (PA450550)	rs1799971;rs1799971
OPRM1 (PA31945)	naltrexone (PA450588)	rs1799971;rs1799971;rs1799971
OPRM1 (PA31945)	nicotine (PA450626)	rs1799971
OPRM1 (PA31945)	opioids (PA452618)	rs1799971
OR52J3 (PA32416)	lithium (PA450243)	rs2499984
ORMDL3 (PA32821)	fluticasone propionate (PA449686)	rs2872507
OXT (PA32857)	clozapine (PA449061)	rs2740204
P2RY12 (PA134971947)	clopidogrel (PA449053)	rs6809699;rs6785930;rs2046934
PAPPA2 (PA33373)	salbutamol (PA448068)	rs77977790
PCSK9 (PA38617)	hmg coa reductase inhibitors (PA133950441)	rs11591147
PDE4D (PA33130)	quetiapine (PA451201)	rs17382202
PEAR1 (PA162399233)	ticagrelor (PA165374673)	rs12566888;rs12041331;rs12041331
PI4KA (PA162399305)	antipsychotics (PA452233)	rs165854
PLAGL1 (PA33379)	olanzapine (PA450688)	rs2247408
PON1 (PA33529)	"""fluorouracil (PA128406956)"""	rs662
PON1 (PA33529)	"""oxaliplatin (PA131285527)"""	rs662
PON1 (PA33529)	epirubicin (PA449476)	rs662
PON1 (PA33529)	simvastatin (PA451363)	rs662
POR (PA33532)	atorvastatin (PA448500)	rs1057868
PPARA (PA280)	fenofibrate (PA449594)	rs4253778
PPARD (PA33557)	"""thalidomide (PA451644)"""	rs6922548;rs1883322;rs2016520;rs3734254
PPARD (PA33557)	docetaxel (PA449383)	rs6922548;rs1883322;rs2016520;rs3734254
PPARG (PA281)	pioglitazone (PA450970)	rs1801282
PPARG (PA281)	rosiglitazone (PA451283)	rs1801282
PPM1A (PA33603)	nortriptyline (PA450657)	rs2273623
PRKCA (PA33759)	" plain (PA164713347)"""	rs4791040;rs16960228
PRKCA (PA33759)	"""Thiazides"	rs4791040;rs16960228
PRKCA (PA33759)	"""hydrochlorothiazide (PA449899)"""	rs4791040;rs16960228
PRKCA (PA33759)	diuretics (PA151249535)	rs4791040;rs16960228
PRKCE (PA33765)	"""galantamine (PA449726)"""	rs6720975
PRKCE (PA33765)	"""rivastigmine (PA451262)"""	rs6720975
PRKCE (PA33765)	donepezil (PA449394)	rs6720975
PRKCE (PA33765)	perphenazine (PA450882)	rs2278773
PSMD14 (PA134957776)	risperidone (PA451257)	rs9713
PSORS1C1 (PA33919)	etanercept (PA449515)	rs2233945
PTGFR (PA290)	latanoprost (PA164774763)	rs3753380;rs3766355
PTPRC (PA34011)	"""etanercept (PA449515)"""	rs10919563
PTPRC (PA34011)	"""infliximab (PA452639)"""	rs10919563
PTPRC (PA34011)	adalimumab (PA10004)	rs10919563
PTPRD (PA34013)	"""verapamil (PA451868)"""	rs4742610
PTPRD (PA34013)	pioglitazone (PA450970)	rs17584499
PTPRD (PA34013)	trandolapril (PA451737)	rs4742610
PTTG1 (PA34033)	etanercept (PA449515)	rs2431697
PVT1 (PA34053)	glatiramer acetate (PA449760)	rs2114358
RAC2 (PA34163)	idarubicin (PA449961)	rs13058338
RALBP1 (PA34199)	"""fluorouracil (PA128406956)"""	rs329007
RALBP1 (PA34199)	"""irinotecan (PA450085)"""	rs329007
RALBP1 (PA34199)	"""leucovorin (PA450198)"""	rs329007
RALBP1 (PA34199)	bevacizumab (PA130232992)	rs329007
RAPGEF5 (PA134902361)	antidepressants (PA452229)	rs16873129
REEP5 (PA134882361)	"""fluoxetine (PA449673)"""	rs153549;rs153560
REEP5 (PA134882361)	"""paroxetine (PA450801)"""	rs153549;rs153560
REEP5 (PA134882361)	"""sertraline (PA451333)"""	rs153549;rs153560
REEP5 (PA134882361)	citalopram (PA449015)	rs153549;rs153560
REV1 (PA162401120)	cisplatin (PA449014)	rs3087403
RGS4 (PA34375)	risperidone (PA451257)	rs2661319
RGS5 (PA34376)	"""fluorouracil (PA128406956)"""	rs1056515
RGS5 (PA34376)	"""irinotecan (PA450085)"""	rs1056515
RGS5 (PA34376)	"""leucovorin (PA450198)"""	rs1056515
RGS5 (PA34376)	bevacizumab (PA130232992)	rs1056515
RHOA (PA134865095)	"""simvastatin (PA451363)"""	rs11716445
RHOA (PA134865095)	pravastatin (PA451089)	rs11716445
RRM1 (PA298)	"""cytarabine (PA449177)"""	rs2898950;rs1561876
RRM1 (PA298)	"""gemcitabine (PA449748)"""	rs12806698;rs2284449;rs232043;rs720106
RRM1 (PA298)	carboplatin (PA448803)	rs12806698
RRM1 (PA298)	cisplatin (PA449014)	rs2284449;rs232043;rs720106
RRM1 (PA298)	cladribine (PA449027)	rs2898950;rs1561876
RRM1 (PA298)	gemcitabine (PA449748)	rs11030918;rs12806698;rs9937
RRM2 (PA299)	"""cytarabine (PA449177)"""	rs1130609;rs5030743
RRM2 (PA299)	cladribine (PA449027)	rs1130609;rs5030743
RRM2B (PA34866)	"""cytarabine (PA449177)"""	rs1265138
RRM2B (PA34866)	cladribine (PA449027)	rs1265138
SCAP (PA162402461)	rosuvastatin (PA134308647)	rs12487736
SCAP (PA162402461)	simvastatin (PA451363)	rs12487736
SCARB1 (PA97)	atorvastatin (PA448500)	rs5888
SCN1A (PA301)	antiepileptics (PA143485705)	rs10188577
SCN2A (PA35004)	"""phenobarbital (PA450911)"""	rs17183814
SCN2A (PA35004)	"""phenytoin (PA450947)"""	rs17183814
SCN2A (PA35004)	"""valproic acid (PA451846)"""	rs17183814
SCN2A (PA35004)	carbamazepine (PA448785)	rs17183814
SELE (PA35640)	"""fluorouracil (PA128406956)"""	rs3917412
SELE (PA35640)	"""leucovorin (PA450198)"""	rs3917412
SELE (PA35640)	"""oxaliplatin (PA131285527)"""	rs3917412
SELE (PA35640)	capecitabine (PA448771)	rs3917412
SERPINE1 (PA261)	"""fluoxetine (PA449673)"""	rs2227631
SERPINE1 (PA261)	citalopram (PA449015)	rs2227631
SH2D5 (PA142670927)	gemcitabine (PA449748)	rs10916852
SHMT1 (PA35753)	"""fluorouracil (PA128406956)"""	rs1979277
SHMT1 (PA35753)	"""irinotecan (PA450085)"""	rs1979277
SHMT1 (PA35753)	"""leucovorin (PA450198)"""	rs1979277
SHMT1 (PA35753)	bevacizumab (PA130232992)	rs1979277
SIK3 (PA165543631)	hmg coa reductase inhibitors (PA133950441)	rs533556
SKOR2 (PA165429121)	perphenazine (PA450882)	rs9952628
SLC12A3 (PA321)	"""furosemide (PA449719)"""	rs1529927
SLC12A3 (PA321)	"""torasemide (PA451733)"""	rs1529927
SLC12A3 (PA321)	bumetanide (PA448682)	rs1529927
SLC16A7 (PA35819)	methotrexate (PA450428)	rs12231740;rs3763980
SLC19A1 (PA327)	"""cisplatin (PA449014)"""	rs12659
SLC19A1 (PA327)	"""fluorouracil (PA128406956)"""	rs12659;rs1051266
SLC19A1 (PA327)	"""hydroxychloroquine (PA164777036)"""	rs1051266
SLC19A1 (PA327)	"""irinotecan (PA450085)"""	rs1051266
SLC19A1 (PA327)	"""leucovorin (PA450198)"""	rs1051266
SLC19A1 (PA327)	"""methotrexate (PA450428)"""	rs1051266
SLC19A1 (PA327)	"""sulfasalazine (PA451547)"""	rs1051266
SLC19A1 (PA327)	capecitabine (PA448771)	rs1051266
SLC19A1 (PA327)	carboplatin (PA448803)	rs12659
SLC19A1 (PA327)	folic acid (PA449692)	rs1051266
SLC19A1 (PA327)	methotrexate (PA450428)	rs1051266;rs1051266;rs1051266;rs1051266;rs1051266
SLC22A1 (PA329)	imatinib (PA10804)	rs628031
SLC22A1 (PA329)	metformin (PA450395)	rs628031;rs622342;rs622342
SLC22A3 (PA330)	metformin (PA450395)	rs2076828
SLC22A4 (PA332)	imatinib (PA10804)	rs1050152;rs1050152;rs1050152
SLC22A4 (PA332)	ustekinumab (PA166048654)	rs1050152
SLC22A5 (PA333)	imatinib (PA10804)	rs2631372;rs2631367
SLC24A4 (PA35854)	salbutamol (PA448068)	rs77441273
SLC29A1 (PA154)	"""trifluridine (PA451775)"""	rs9394992
SLC29A1 (PA154)	tipiracil hydrochloride (PA166171170)	rs9394992
SLC2A2 (PA35876)	metformin (PA450395)	rs8192675
SLC30A8 (PA134915546)	"""zinc acetate (PA451961)"""	rs13266634
SLC30A8 (PA134915546)	insulin recombinant (PA164744571)	rs13266634
SLC30A8 (PA134915546)	repaglinide (PA451234)	rs13266634
SLC39A14 (PA134863701)	nortriptyline (PA450657)	rs17060812
SLC47A2 (PA162403847)	metformin (PA450395)	rs12943590
SLC5A7 (PA37838)	"""galantamine (PA449726)"""	rs6542746
SLC5A7 (PA37838)	"""rivastigmine (PA451262)"""	rs6542746
SLC5A7 (PA37838)	donepezil (PA449394)	rs6542746
SLC6A2 (PA310)	atomoxetine (PA134688071)	rs3785143;rs12708954
SLC6A2 (PA310)	methylphenidate (PA450464)	rs5569;rs5569;rs5569
SLC6A2 (PA310)	venlafaxine (PA451866)	rs2242446
SLC6A3 (PA311)	methylphenidate (PA450464)	rs2550948
SLC9A9 (PA134889062)	"""remifentanil (PA451232)"""	rs4839603
SLC9A9 (PA134889062)	fentanyl (PA449599)	rs4839603
SLCO1B1 (PA134865839)	"""fluorouracil (PA128406956)"""	rs2306283
SLCO1B1 (PA134865839)	"""irinotecan (PA450085)"""	rs2306283
SLCO1B1 (PA134865839)	"""leucovorin (PA450198)"""	rs2306283
SLCO1B1 (PA134865839)	atorvastatin (PA448500)	rs4149036;rs2306283;rs2306283
SLCO1B1 (PA134865839)	capecitabine (PA448771)	rs2306283
SLCO1B1 (PA134865839)	conjugated estrogens (PA164754789)	rs4149056
SLCO1B1 (PA134865839)	fluvastatin (PA449688)	rs4149056;rs4149056
SLCO1B1 (PA134865839)	hmg coa reductase inhibitors (PA133950441)	rs4149056;rs2900478
SLCO1B1 (PA134865839)	methotrexate (PA450428)	rs4149056
SLCO1B1 (PA134865839)	pravastatin (PA451089)	rs4149056
SLCO1B1 (PA134865839)	rocuronium (PA164754992)	rs2306283
SLCO1B1 (PA134865839)	rosiglitazone (PA451283)	rs4149056
SLCO1B1 (PA134865839)	simvastatin (PA451363)	rs4149056
SLCO1B3 (PA35844)	imatinib (PA10804)	rs4149117;rs7311358
SLCO1C1 (PA37815)	Tumor necrosis factor alpha (TNF-alpha) inhibitors (PA164713366)	rs3794271;rs3794271;rs3794271
SLCO1C1 (PA37815)	etanercept (PA449515)	rs3794271
SLCO1C1 (PA37815)	infliximab (PA452639)	rs3794271
SNAP25 (PA35980)	amisulpride (PA162565877)	rs8636
SNAP25 (PA35980)	methylphenidate (PA450464)	rs3746544
SORT1 (PA36023)	hmg coa reductase inhibitors (PA133950441)	rs629301
SPINK5 (PA37962)	glibenclamide (PA449782)	rs2303070
SPOPL (PA162404650)	olanzapine (PA450688)	rs10170310
SPTA1 (PA36101)	benazepril (PA448561)	rs2106089
SRP19 (PA36124)	"""fluoxetine (PA449673)"""	rs495794
SRP19 (PA36124)	"""paroxetine (PA450801)"""	rs495794
SRP19 (PA36124)	"""sertraline (PA451333)"""	rs495794
SRP19 (PA36124)	citalopram (PA449015)	rs495794
SRR (PA37877)	metformin (PA450395)	rs391300
STAT3 (PA337)	interferons (PA451999)	rs4796793
STAT4 (PA36185)	etanercept (PA449515)	rs7574865
STAT4 (PA36185)	ustekinumab (PA166048654)	rs7574865
SV2C (PA134888452)	olanzapine (PA450688)	rs11960832
TAAR6 (PA134881141)	corticosteroids (PA10832)	rs7772821
TANC2 (PA142670837)	calcium channel blockers (PA10407)	rs2429427
TBX21 (PA36362)	Tumor necrosis factor alpha (TNF-alpha) inhibitors (PA164713366)	rs17250932
TCF7L2 (PA36394)	 urea derivatives (PA10390)	rs7903146;rs12255372
TCF7L2 (PA36394)	repaglinide (PA451234)	rs290487
TCF7L2 (PA36394)	sulfonamides	rs7903146;rs12255372
TDP1 (PA421)	irinotecan (PA450085)	rs2401863
TENT4A (PA33523)	gemcitabine (PA449748)	rs274713
TGFB1 (PA350)	etanercept (PA449515)	rs1800471
TGFB1 (PA350)	glatiramer acetate (PA449760)	rs1800469
TGFB1 (PA350)	rituximab (PA451261)	rs1800471;rs1800470
TGFBR3 (PA36487)	antidepressants (PA452229)	rs12082710
TIRAP (PA134972842)	ustekinumab (PA166048654)	rs8177374
TLR2 (PA36550)	Tumor necrosis factor alpha (TNF-alpha) inhibitors (PA164713366)	rs4696480;rs4696480;rs1816702;rs3804099
TLR3 (PA36551)	Measles vaccines (PA164712887)	rs3775291
TLR4 (PA36552)	Pertussis vaccines (PA164713160)	rs2770150;rs4986790
TLR4 (PA36552)	Tumor necrosis factor alpha (TNF-alpha) inhibitors (PA164713366)	rs5030728
TLR9 (PA38010)	Tumor necrosis factor alpha (TNF-alpha) inhibitors (PA164713366)	rs352139;rs352139
TMEFF2 (PA36568)	risperidone (PA451257)	rs3738883
TNF (PA435)	"""etanercept (PA449515)"""	rs1800629;rs1800629;rs1800629
TNF (PA435)	"""infliximab (PA452639)"""	rs1800629;rs1800629;rs1800629;rs1800629
TNF (PA435)	Tumor necrosis factor alpha (TNF-alpha) inhibitors (PA164713366)	rs1799964;rs1799724;rs1799724;rs1799724;rs1799724;rs1800629;rs1800629;rs361525
TNF (PA435)	adalimumab (PA10004)	rs1799724;rs1800629;rs1800629;rs1800629;rs1800629;rs1800629;rs1800629;rs361525
TNF (PA435)	etanercept (PA449515)	rs1799724;rs1800629;rs1800629;rs1800629
TNF (PA435)	infliximab (PA452639)	rs1800629;rs1800629;rs361525
TNFAIP3 (PA36593)	adalimumab (PA10004)	rs2230926
TNFRSF1A (PA36609)	"""etanercept (PA449515)"""	rs767455;rs767455
TNFRSF1A (PA36609)	"""infliximab (PA452639)"""	rs767455;rs767455
TNFRSF1A (PA36609)	Tumor necrosis factor alpha (TNF-alpha) inhibitors (PA164713366)	rs767455;rs4149570
TNFRSF1A (PA36609)	adalimumab (PA10004)	rs767455;rs767455
TNFRSF1B (PA36610)	"""etanercept (PA449515)"""	rs1061622
TNFRSF1B (PA36610)	"""infliximab (PA452639)"""	rs1061622
TNFRSF1B (PA36610)	"""ustekinumab (PA166048654)"""	rs1061622
TNFRSF1B (PA36610)	Tumor necrosis factor alpha (TNF-alpha) inhibitors (PA164713366)	rs1061622;rs1061631
TNFRSF1B (PA36610)	adalimumab (PA10004)	rs1061622
TNFRSF1B (PA36610)	etanercept (PA449515)	rs1061622
TNFRSF1B (PA36610)	infliximab (PA452639)	rs1061622
TOMM40 (PA38274)	hmg coa reductase inhibitors (PA133950441)	rs2075650
TP53 (PA36679)	"""paclitaxel (PA450761)"""	rs1042522;rs1042522
TP53 (PA36679)	capecitabine (PA448771)	rs1042522
TP53 (PA36679)	cisplatin (PA449014)	rs1042522
TP53 (PA36679)	oxaliplatin (PA131285527)	rs1042522
TPH2 (PA128747823)	"""venlafaxine (PA451866)"""	rs1487278
TPH2 (PA128747823)	antidepressants (PA452229)	rs10879346
TPH2 (PA128747823)	fluoxetine (PA449673)	rs4570625
TPH2 (PA128747823)	mirtazapine (PA450522)	rs1487278
TPMT (PA356)	mercaptopurine (PA450379)	rs1142345
TRAF1 (PA36708)	Tumor necrosis factor alpha (TNF-alpha) inhibitors (PA164713366)	rs3761847
TRPV1 (PA37329)	acetaminophen (PA448015)	rs224534
TTC6 (PA134868995)	hydrochlorothiazide (PA449899)	rs177852
TUT7 (PA134971144)	"""ribavirin (PA451241)"""	rs17461620
TUT7 (PA134971144)	peginterferon alfa-2b (PA164784024)	rs17461620
UBE2I (PA37134)	"""irinotecan (PA450085)"""	rs9597
UBE2I (PA37134)	cisplatin (PA449014)	rs9597
UGT1A1 (PA420)	"""irinotecan (PA450085)"""	rs4148323
UGT1A1 (PA420)	cisplatin (PA449014)	rs4148323
UGT1A6 (PA37181)	deferiprone (PA166118041)	rs6759892;rs2070959;rs2070959
UGT1A9 (PA419)	oxcarbazepine (PA450732)	rs2741049
UGT1A9 (PA419)	simvastatin (PA451363)	rs12052787;rs2003569
ULK3 (PA134908392)	imatinib (PA10804)	rs2290573
UMOD (PA37199)	cyclosporine (PA449167)	rs12917707
USP24 (PA37248)	rosuvastatin (PA134308647)	rs17111584
VASP (PA37276)	hydrochlorothiazide (PA449899)	rs10995
VDR (PA37301)	selective beta-2-adrenoreceptor agonists (PA134687887)	rs1540339;rs2239179
VEGFA (PA37302)	"""capecitabine (PA448771)"""	rs3025039
VEGFA (PA37302)	"""dexamethasone (PA449247)"""	rs833061
VEGFA (PA37302)	"""fluorouracil (PA128406956)"""	rs25648;rs3025039
VEGFA (PA37302)	"""irinotecan (PA450085)"""	rs1570360;rs3025039
VEGFA (PA37302)	"""lenalidomide (PA162363968)"""	rs833061
VEGFA (PA37302)	"""leucovorin (PA450198)"""	rs3025039
VEGFA (PA37302)	"""oxaliplatin (PA131285527)"""	rs2010963;rs25648;rs3025039
VEGFA (PA37302)	"""pegaptanib (PA164771236)"""	rs2010963
VEGFA (PA37302)	"""ranibizumab (PA164746012)"""	rs2010963;rs3025000;rs3025000
VEGFA (PA37302)	"""taxanes (PA150481189)"""	rs9369421
VEGFA (PA37302)	adalimumab (PA10004)	rs25648
VEGFA (PA37302)	bevacizumab (PA130232992)	rs1570360;rs2010963;rs3025000;rs3025000;rs3025039
VEGFA (PA37302)	capecitabine (PA448771)	rs2010963
VEGFA (PA37302)	carboplatin (PA448803)	rs9369421
VEGFA (PA37302)	carfilzomib (PA166165203)	rs833061
VEGFA (PA37302)	cetuximab (PA10040)	rs833061;rs1570360
VEGFA (PA37302)	cisplatin (PA449014)	rs25648
VEGFA (PA37302)	docetaxel (PA449383)	rs1570360
VEGFA (PA37302)	pazopanib (PA165291492)	rs833061;rs2010963
VEGFA (PA37302)	ranibizumab (PA164746012)	rs833069
VEGFA (PA37302)	sildenafil (PA451346)	rs1570360
VKORC1 (PA133787052)	"""warfarin (PA451906)"""	rs9923231
VKORC1 (PA133787052)	acenocoumarol (PA452632)	rs9934438;rs9923231;rs9923231
VKORC1 (PA133787052)	phenprocoumon (PA450921)	rs2359612
VKORC1 (PA133787052)	warfarin (PA451906)	rs9923231;rs9923231;rs9923231
XBP1 (PA37400)	Platinum compounds (PA164713176)	rs2269577
XPA (PA368)	Platinum compounds (PA164713176)	rs1800975
XRCC1 (PA369)	"""cisplatin (PA449014)"""	rs25487
XRCC1 (PA369)	"""fluorouracil (PA128406956)"""	rs25487
XRCC1 (PA369)	"""leucovorin (PA450198)"""	rs25487
XRCC1 (PA369)	"""oxaliplatin (PA131285527)"""	rs25487
XRCC1 (PA369)	"""radiotherapy (PA166122986)"""	rs25487
XRCC1 (PA369)	Platinum compounds (PA164713176)	rs25487;rs25487;rs25487;rs25487;rs1799782;rs1799782;rs1799782
XRCC1 (PA369)	carboplatin (PA448803)	rs25487
XRCC1 (PA369)	cisplatin (PA449014)	rs25487
XRCC1 (PA369)	fluorouracil (PA128406956)	rs25487;rs25487
XRCC1 (PA369)	platinum (PA150595617)	rs25487
XRCC3 (PA37422)	"""docetaxel (PA449383)"""	rs861539
XRCC3 (PA37422)	"""irinotecan (PA450085)"""	rs861539
XRCC3 (PA37422)	Platinum compounds (PA164713176)	rs861539
XRCC3 (PA37422)	cisplatin (PA449014)	rs861539
XRCC4 (PA37423)	"""Platinum compounds (PA164713176)"""	rs2075685
XRCC4 (PA37423)	"""radiotherapy (PA166122986)"""	rs2075685
XRCC4 (PA37423)	fluorouracil (PA128406956)	rs2075685
ZNF432 (PA134935907)	 inhalants (PA10405)	rs3752120
ZNF432 (PA134935907)	"""beclomethasone (PA448547)"""	rs3752120
ZNF432 (PA134935907)	"""budesonide (PA448681)"""	rs3752120
ZNF432 (PA134935907)	"""corticosteroids (PA10832)"""	rs3752120
ZNF432 (PA134935907)	"""fluticasone propionate (PA449686)"""	rs3752120
ZNF432 (PA134935907)	"""fluticasone/salmeterol (PA165290926)"""	rs3752120
ZNF432 (PA134935907)	"""salbutamol (PA448068)"""	rs3752120
ZNF432 (PA134935907)	adrenergics	rs3752120
ZNF697 (PA142670495)	"""interferon beta-1b (PA450039)"""	rs10494227
ZNF697 (PA142670495)	interferon beta-1a (PA450037)	rs10494227
ZNF804A (PA162410599)	antipsychotics (PA452233)	rs1344706
